{"cameraMode":{"drawMode":0,"name":"Shaded","section":"Shading Mode"},"sceneLighting":true,"audioPlay":false,"sceneViewState":{"showFog":true,"showMaterialUpdate":true,"showSkybox":true,"showFlares":true,"showImageEffects":true,"showParticleSystems":true},"in2DMode":false,"pivot":{"x":105.46885681152344,"y":250.35330200195313,"z":-7.8826904296875},"rotation":{"x":0.02548985555768013,"y":0.023989994078874589,"z":0.0006119022145867348,"w":-0.9993870258331299},"size":1277.1009521484375,"orthographic":false}