{"cameraMode":{"drawMode":0,"name":"Shaded","section":"Shading Mode"},"sceneLighting":true,"audioPlay":false,"sceneViewState":{"showFog":true,"showMaterialUpdate":true,"showSkybox":true,"showFlares":true,"showImageEffects":true,"showParticleSystems":true},"in2DMode":false,"pivot":{"x":-0.9064843654632568,"y":-0.07926511764526367,"z":0.7623405456542969},"rotation":{"x":-0.15306265652179719,"y":0.10208477079868317,"z":-0.01589878648519516,"w":-0.9828009605407715},"size":11.284436225891114,"orthographic":false}