{"cameraMode":{"drawMode":0,"name":"Shaded","section":"Shading Mode"},"sceneLighting":true,"audioPlay":false,"sceneViewState":{"showFog":true,"showMaterialUpdate":true,"showSkybox":true,"showFlares":true,"showImageEffects":true,"showParticleSystems":true},"in2DMode":false,"pivot":{"x":-1.0764856338500977,"y":-5.176583290100098,"z":-0.08217239379882813},"rotation":{"x":-0.2911134362220764,"y":0.36782553791999819,"z":-0.12242834270000458,"w":-0.8746249079704285},"size":13.331947326660157,"orthographic":false}