{"cameraMode":{"drawMode":0,"name":"Shaded","section":"Shading Mode"},"sceneLighting":true,"audioPlay":false,"sceneViewState":{"showFog":true,"showMaterialUpdate":true,"showSkybox":true,"showFlares":true,"showImageEffects":true,"showParticleSystems":true},"in2DMode":false,"pivot":{"x":-1.2292628288269044,"y":0.7847923040390015,"z":0.13907241821289063},"rotation":{"x":-0.09435852617025376,"y":0.004480062518268824,"z":-0.00042460631811991334,"w":-0.9955281019210815},"size":10.585174560546875,"orthographic":false}